<?xml version="1.0" encoding="UTF-8"?>
<project-private xmlns="http://www.netbeans.org/ns/project-private/1">
    <editor-bookmarks xmlns="http://www.netbeans.org/ns/editor-bookmarks/2" lastBookmarkId="0"/>
    <open-files xmlns="http://www.netbeans.org/ns/projectui-open-files/2">
        <group>
            <file>file:/D:/Jeevan/apache/m/AICTEACT/src/front.java</file>
            <file>file:/D:/Jeevan/apache/m/AICTEACT/src/Adminstu.java</file>
            <file>file:/D:/Jeevan/apache/m/AICTEACT/src/registration.java</file>
            <file>file:/D:/Jeevan/apache/m/AICTEACT/src/Dpt.java</file>
            <file>file:/D:/Jeevan/apache/m/AICTEACT/src/Student_act.java</file>
            <file>file:/D:/Jeevan/apache/m/AICTEACT/src/student.java</file>
            <file>file:/D:/Jeevan/apache/m/AICTEACT/src/Adminblock.java</file>
            <file>file:/D:/Jeevan/apache/m/AICTEACT/src/update.java</file>
        </group>
    </open-files>
</project-private>
